Tiempo_Ejecucion(H:M:S),Riesgo_De_Accidente,Nombre_Vehiculo,Distancia,Posicion,Del,Vehiculo,Velocidad_Vehiculo,Posicion,De_La,Bicicleta,Velocidad_Bicicleta
,,,,X,Y,Z,,X,Y,Z,
00:00:14.4946266,Bajo,SmallSedanGreen2(Clone)3,4.4174,686.33,7.29,606.10,0.00,685.97,7.00,611.07,7.30
00:00:14.5083542,Bajo,SmallSedanGreen2(Clone)3,4.3315,686.33,7.29,606.10,0.00,686.05,7.00,610.94,7.32
00:00:14.5178173,Bajo,SmallSedanGreen2(Clone)3,4.2690,686.33,7.29,606.10,0.00,686.05,7.00,610.94,7.32
00:00:14.5275751,Bajo,SmallSedanGreen2(Clone)3,4.2150,686.33,7.29,606.10,0.00,686.13,6.99,610.82,7.33
00:00:14.5368452,Bajo,SmallSedanGreen2(Clone)3,4.1549,686.33,7.29,606.10,0.00,686.13,6.99,610.82,7.33
00:00:14.5471742,Bajo,SmallSedanGreen2(Clone)3,4.0982,686.33,7.29,606.10,0.00,686.22,6.99,610.70,7.35
00:00:14.5562808,Bajo,SmallSedanGreen2(Clone)3,4.0389,686.33,7.29,606.10,0.00,686.22,6.99,610.70,7.35
00:00:14.5747696,Bajo,SmallSedanGreen2(Clone)3,3.9359,686.33,7.29,606.10,0.00,686.30,6.98,610.58,7.37
00:00:14.5853285,Bajo,SmallSedanGreen2(Clone)3,3.8665,686.33,7.29,606.10,0.00,686.30,6.98,610.58,7.37
00:00:14.5957228,Bajo,SmallSedanGreen2(Clone)3,3.8100,686.33,7.29,606.10,0.00,686.38,6.98,610.45,7.38
00:00:14.6054426,Bajo,SmallSedanGreen2(Clone)3,3.7474,686.33,7.29,606.10,0.00,686.38,6.98,610.45,7.38
00:00:14.6152718,Bajo,SmallSedanGreen2(Clone)3,3.6943,686.33,7.29,606.10,0.00,686.46,6.97,610.33,7.40
00:00:14.6247031,Bajo,SmallSedanGreen2(Clone)3,3.6335,686.33,7.29,606.10,0.00,686.46,6.97,610.33,7.40
00:00:14.6345173,Bajo,SmallSedanGreen2(Clone)3,3.5807,686.33,7.29,606.10,0.00,686.54,6.97,610.21,7.42
00:00:14.6436089,Bajo,SmallSedanGreen2(Clone)3,3.5223,686.33,7.29,606.10,0.00,686.54,6.97,610.21,7.42
00:00:14.6534668,Bajo,SmallSedanGreen2(Clone)3,3.4693,686.33,7.29,606.10,0.00,686.62,6.97,610.08,7.43
00:00:14.6627989,Bajo,SmallSedanGreen2(Clone)3,3.4098,686.33,7.29,606.10,0.00,686.62,6.97,610.08,7.43
00:00:14.6743971,Bajo,SmallSedanGreen2(Clone)3,3.3465,686.33,7.29,606.10,0.00,686.71,6.96,609.96,7.45
00:00:14.6848224,Bajo,SmallSedanGreen2(Clone)3,3.2810,686.33,7.29,606.10,0.00,686.71,6.96,609.96,7.45
00:00:14.6942589,Bajo,SmallSedanGreen2(Clone)3,3.2306,686.33,7.29,606.10,0.00,686.79,6.96,609.84,7.47
00:00:14.7032378,Bajo,SmallSedanGreen2(Clone)3,3.1738,686.33,7.29,606.10,0.00,686.79,6.96,609.84,7.47
00:00:14.7128240,Bajo,SmallSedanGreen2(Clone)3,3.1231,686.33,7.29,606.10,0.00,686.87,6.95,609.71,7.48
00:00:14.7221491,Bajo,SmallSedanGreen2(Clone)3,3.0638,686.33,7.29,606.10,0.00,686.87,6.95,609.71,7.48
00:00:14.7320429,Bajo,SmallSedanGreen2(Clone)3,3.0112,686.33,7.29,606.10,0.00,686.96,6.95,609.59,7.50
00:00:14.7416287,Bajo,SmallSedanGreen2(Clone)3,2.9511,686.33,7.29,606.10,0.00,686.96,6.95,609.59,7.50
00:00:14.7513654,Bajo,SmallSedanGreen2(Clone)3,2.8992,686.33,7.29,606.10,0.00,687.04,6.95,609.46,7.52
00:00:14.7603109,Bajo,SmallSedanGreen2(Clone)3,2.8427,686.33,7.29,606.10,0.00,687.04,6.95,609.46,7.52
00:00:14.7698294,Bajo,SmallSedanGreen2(Clone)3,2.7923,686.33,7.29,606.10,0.00,687.12,6.94,609.34,7.53
00:00:14.7785785,Bajo,SmallSedanGreen2(Clone)3,2.7377,686.33,7.29,606.10,0.00,687.12,6.94,609.34,7.53
00:00:14.7882689,Bajo,SmallSedanGreen2(Clone)3,2.6868,686.33,7.29,606.10,0.00,687.21,6.94,609.21,7.55
00:00:14.7984233,Bajo,SmallSedanGreen2(Clone)3,2.6232,686.33,7.29,606.10,0.00,687.21,6.94,609.21,7.55
00:00:14.8100555,Bajo,SmallSedanGreen2(Clone)3,2.5610,686.33,7.29,606.10,0.00,687.29,6.93,609.09,7.56
00:00:14.8202521,Alto,SmallSedanGreen2(Clone)3,2.4984,686.33,7.29,606.10,0.00,687.29,6.93,609.09,7.56
00:00:14.8309549,Alto,SmallSedanGreen2(Clone)3,2.4408,686.33,7.29,606.10,0.00,687.38,6.93,608.96,7.58
00:00:14.8416069,Alto,SmallSedanGreen2(Clone)3,2.3746,686.33,7.29,606.10,0.00,687.38,6.93,608.96,7.58
00:00:14.8527631,Alto,SmallSedanGreen2(Clone)3,2.3153,686.33,7.29,606.10,0.00,687.46,6.93,608.84,7.60
00:00:14.8632509,Alto,SmallSedanGreen2(Clone)3,2.2499,686.33,7.29,606.10,0.00,687.46,6.93,608.84,7.60
00:00:14.8752547,Alto,SmallSedanGreen2(Clone)3,2.1857,686.33,7.29,606.10,0.00,687.55,6.92,608.71,7.61
00:00:14.8855176,Alto,SmallSedanGreen2(Clone)3,2.1934,686.35,7.43,606.04,0.00,687.55,6.92,608.71,7.61
00:00:14.8974045,Alto,SmallSedanGreen2(Clone)3,2.2126,686.36,7.43,605.96,0.00,687.63,6.92,608.58,7.63
00:00:14.9085746,Alto,SmallSedanGreen2(Clone)3,2.2308,686.37,7.43,605.88,0.00,687.72,6.92,608.46,7.64
00:00:14.9192657,Alto,SmallSedanGreen2(Clone)3,2.2484,686.38,7.43,605.81,0.00,687.72,6.92,608.46,7.64
00:00:14.9303071,Alto,SmallSedanGreen2(Clone)3,2.2624,686.39,7.43,605.74,0.00,687.80,6.91,608.33,7.66
00:00:14.9399164,Alto,SmallSedanGreen2(Clone)3,2.2764,686.40,7.43,605.67,0.00,687.80,6.91,608.33,7.66
00:00:14.9509909,Alto,SmallSedanGreen2(Clone)3,2.2888,686.41,7.43,605.61,0.00,687.89,6.91,608.20,7.67
00:00:14.9603952,Alto,SmallSedanGreen2(Clone)3,2.3008,686.42,7.43,605.55,0.00,687.89,6.91,608.20,7.67
00:00:14.9705951,Alto,SmallSedanGreen2(Clone)3,2.3110,686.43,7.43,605.49,0.00,687.98,6.90,608.08,7.69
00:00:14.9796016,Alto,SmallSedanGreen2(Clone)3,2.3210,686.44,7.43,605.44,0.00,687.98,6.90,608.08,7.69
00:00:14.9897590,Alto,SmallSedanGreen2(Clone)3,2.3299,686.45,7.43,605.39,0.00,688.06,6.90,607.95,7.71
00:00:14.9998597,Alto,SmallSedanGreen2(Clone)3,2.3401,686.46,7.43,605.32,0.00,688.06,6.90,607.95,7.71
00:00:15.0101046,Alto,SmallSedanGreen2(Clone)3,2.3484,686.47,7.43,605.27,0.00,688.15,6.90,607.82,7.72
00:00:15.0194084,Alto,SmallSedanGreen2(Clone)3,2.3569,686.47,7.43,605.22,0.00,688.15,6.90,607.82,7.72
00:00:15.0379333,Alto,SmallSedanGreen2(Clone)3,2.3708,686.49,7.42,605.13,0.00,688.23,6.89,607.69,7.74
00:00:15.0487497,Alto,SmallSedanGreen2(Clone)3,2.3791,686.50,7.42,605.07,0.00,688.32,6.89,607.56,7.75
00:00:15.0580926,Alto,SmallSedanGreen2(Clone)3,2.3866,686.51,7.42,605.02,0.00,688.32,6.89,607.56,7.75
00:00:15.0767762,Alto,SmallSedanGreen2(Clone)3,2.3993,686.52,7.42,604.94,0.00,688.41,6.89,607.43,7.77
00:00:15.0892840,Alto,SmallSedanGreen2(Clone)3,2.4082,686.53,7.42,604.88,0.00,688.49,6.89,607.30,7.78
00:00:15.1004893,Alto,SmallSedanGreen2(Clone)3,2.4169,686.54,7.42,604.83,0.00,688.49,6.89,607.30,7.78
00:00:15.1111887,Alto,SmallSedanGreen2(Clone)3,2.4242,686.54,7.42,604.78,0.00,688.58,6.88,607.17,7.80
00:00:15.1219565,Alto,SmallSedanGreen2(Clone)3,2.4326,686.55,7.42,604.73,0.00,688.58,6.88,607.17,7.80
00:00:15.1332596,Alto,SmallSedanGreen2(Clone)3,2.4407,686.56,7.42,604.69,0.00,688.67,6.88,607.04,7.81
00:00:15.1479709,Alto,SmallSedanGreen2(Clone)3,2.4522,686.57,7.42,604.63,0.00,688.76,6.88,606.91,7.83
00:00:15.1596918,Alto,SmallSedanGreen2(Clone)3,2.4625,686.58,7.42,604.58,0.00,688.76,6.88,606.91,7.83
00:00:15.1715931,Alto,SmallSedanGreen2(Clone)3,2.4721,686.58,7.42,604.53,0.00,688.84,6.87,606.78,7.84
00:00:15.1820709,Alto,SmallSedanGreen2(Clone)3,2.4823,686.59,7.42,604.49,0.00,688.84,6.87,606.78,7.84
00:00:15.2001438,Alto,SmallSedanGreen2(Clone)3,2.4990,686.60,7.42,604.43,0.00,688.93,6.87,606.65,7.86
00:00:15.2113004,Bajo,SmallSedanGreen2(Clone)3,2.5105,686.61,7.42,604.38,0.00,689.02,6.87,606.52,7.87
00:00:15.2218448,Bajo,SmallSedanGreen2(Clone)3,2.5230,686.61,7.42,604.34,0.00,689.02,6.87,606.52,7.87
00:00:15.2325721,Bajo,SmallSedanGreen2(Clone)3,2.5345,686.62,7.42,604.31,0.00,689.11,6.86,606.39,7.89
00:00:15.2417244,Bajo,SmallSedanGreen2(Clone)3,2.5464,686.63,7.42,604.27,0.00,689.11,6.86,606.39,7.89
00:00:15.2609357,Bajo,SmallSedanGreen2(Clone)3,2.5696,686.64,7.42,604.21,0.00,689.19,6.86,606.26,7.90
00:00:15.2725689,Bajo,SmallSedanGreen2(Clone)3,2.5855,686.64,7.42,604.17,0.00,689.28,6.86,606.13,7.92
00:00:15.2845087,Bajo,SmallSedanGreen2(Clone)3,2.6044,686.65,7.42,604.13,0.00,689.28,6.86,606.13,7.92
00:00:15.2963182,Bajo,SmallSedanGreen2(Clone)3,2.6208,686.65,7.42,604.09,0.00,689.37,6.85,606.00,7.93
00:00:15.3079773,Bajo,SmallSedanGreen2(Clone)3,2.6391,686.66,7.42,604.06,0.00,689.45,6.85,605.86,7.95
00:00:15.3179729,Bajo,SmallSedanGreen2(Clone)3,2.6571,686.66,7.42,604.02,0.00,689.45,6.85,605.86,7.95
00:00:15.3292843,Bajo,SmallSedanGreen2(Clone)3,2.6746,686.67,7.41,603.99,0.00,689.54,6.85,605.73,7.96
00:00:15.3419353,Bajo,SmallSedanGreen2(Clone)3,2.6991,686.68,7.41,603.95,0.00,689.54,6.85,605.73,7.96
00:00:15.3419747,Bajo,OriginalSmallSedan(Clone)0,4.3958,690.70,7.21,600.76,0.00,689.54,6.85,605.73,7.96
00:00:15.3537566,Bajo,SmallSedanGreen2(Clone)3,2.7190,686.68,7.41,603.92,0.00,689.63,6.84,605.60,7.97
00:00:15.3537894,Bajo,OriginalSmallSedan(Clone)0,4.3162,690.71,7.21,600.76,0.00,689.63,6.84,605.60,7.97
00:00:15.3644191,Bajo,SmallSedanGreen2(Clone)3,2.7414,686.69,7.41,603.89,0.00,689.63,6.84,605.60,7.97
00:00:15.3644516,Bajo,OriginalSmallSedan(Clone)0,4.2337,690.73,7.21,600.76,0.00,689.63,6.84,605.60,7.97
00:00:15.3749745,Bajo,SmallSedanGreen2(Clone)3,2.7605,686.69,7.41,603.86,0.00,689.71,6.84,605.46,7.99
00:00:15.3750048,Bajo,OriginalSmallSedan(Clone)0,4.1621,690.74,7.21,600.77,0.00,689.71,6.84,605.46,7.99
00:00:15.3868732,Bajo,SmallSedanGreen2(Clone)3,2.7847,686.70,7.41,603.83,0.00,689.80,6.84,605.32,8.00
00:00:15.3869051,Bajo,OriginalSmallSedan(Clone)0,4.0760,690.75,7.21,600.77,0.00,689.80,6.84,605.32,8.00
00:00:15.3969311,Bajo,SmallSedanGreen2(Clone)3,2.8081,686.70,7.41,603.80,0.00,689.80,6.84,605.32,8.00
00:00:15.3970361,Bajo,OriginalSmallSedan(Clone)0,3.9972,690.77,7.21,600.77,0.00,689.80,6.84,605.32,8.00
00:00:15.4068673,Bajo,SmallSedanGreen2(Clone)3,2.8279,686.70,7.41,603.77,0.00,689.88,6.83,605.19,8.01
00:00:15.4068994,Bajo,OriginalSmallSedan(Clone)0,3.9305,690.78,7.21,600.77,0.00,689.88,6.83,605.19,8.01
00:00:15.4164774,Bajo,SmallSedanGreen2(Clone)3,2.8519,686.71,7.41,603.74,0.00,689.88,6.83,605.19,8.01
00:00:15.4165118,Bajo,OriginalSmallSedan(Clone)0,3.8546,690.80,7.21,600.77,0.00,689.88,6.83,605.19,8.01
00:00:15.4253987,Bajo,SmallSedanGreen2(Clone)3,2.8732,686.71,7.41,603.72,0.00,689.88,6.83,605.19,8.01
00:00:15.4254319,Bajo,OriginalSmallSedan(Clone)0,3.7896,690.81,7.21,600.78,0.00,689.88,6.83,605.19,8.01
00:00:15.4356439,Bajo,SmallSedanGreen2(Clone)3,2.8950,686.72,7.41,603.69,0.00,689.96,6.83,605.05,8.02
00:00:15.4356779,Bajo,OriginalSmallSedan(Clone)0,3.7215,690.82,7.21,600.78,0.00,689.96,6.83,605.05,8.02
00:00:15.4452594,Bajo,SmallSedanGreen2(Clone)3,2.9213,686.72,7.41,603.67,0.00,689.96,6.83,605.05,8.02
00:00:15.4452994,Bajo,OriginalSmallSedan(Clone)0,3.6455,690.84,7.21,600.78,0.00,689.96,6.83,605.05,8.02
00:00:15.4557964,Bajo,SmallSedanGreen2(Clone)3,2.9452,686.73,7.41,603.64,0.00,690.05,6.83,604.91,8.04
00:00:15.4558279,Bajo,OriginalSmallSedan(Clone)0,3.5751,690.85,7.21,600.78,0.00,690.05,6.83,604.91,8.04
00:00:15.4652927,Bajo,SmallSedanGreen2(Clone)3,2.9728,686.73,7.41,603.62,0.00,690.05,6.83,604.91,8.04
00:00:15.4653299,Bajo,OriginalSmallSedan(Clone)0,3.4995,690.87,7.21,600.79,0.00,690.05,6.83,604.91,8.04
00:00:15.4758621,Bajo,SmallSedanGreen2(Clone)3,2.9986,686.73,7.41,603.59,0.00,690.13,6.82,604.78,8.05
00:00:15.4759037,Bajo,OriginalSmallSedan(Clone)0,3.4279,690.89,7.21,600.79,0.00,690.13,6.82,604.78,8.05
00:00:15.4851531,Bajo,SmallSedanGreen2(Clone)3,3.0269,686.74,7.41,603.57,0.00,690.13,6.82,604.78,8.05
00:00:15.4851868,Bajo,OriginalSmallSedan(Clone)0,3.3544,690.90,7.21,600.79,0.00,690.13,6.82,604.78,8.05
00:00:15.4949897,Bajo,SmallSedanGreen2(Clone)3,3.0518,686.74,7.41,603.55,0.00,690.21,6.82,604.64,8.06
00:00:15.4950272,Bajo,OriginalSmallSedan(Clone)0,3.2885,690.92,7.21,600.79,0.00,690.21,6.82,604.64,8.06
00:00:15.5037601,Bajo,SmallSedanGreen2(Clone)3,3.0801,686.74,7.41,603.52,0.00,690.21,6.82,604.64,8.06
00:00:15.5037925,Bajo,OriginalSmallSedan(Clone)0,3.2182,690.94,7.21,600.79,0.00,690.21,6.82,604.64,8.06
00:00:15.5132386,Bajo,SmallSedanGreen2(Clone)3,3.1050,686.75,7.41,603.50,0.00,690.29,6.82,604.50,8.08
00:00:15.5132711,Bajo,OriginalSmallSedan(Clone)0,3.1552,690.95,7.21,600.80,0.00,690.29,6.82,604.50,8.08
00:00:15.5231869,Bajo,SmallSedanGreen2(Clone)3,3.1384,686.75,7.41,603.48,0.00,690.29,6.82,604.50,8.08
00:00:15.5232203,Bajo,OriginalSmallSedan(Clone)0,3.0761,690.97,7.21,600.80,0.00,690.29,6.82,604.50,8.08
00:00:15.5326627,Bajo,SmallSedanGreen2(Clone)3,3.1646,686.75,7.41,603.46,0.00,690.37,6.82,604.36,8.09
00:00:15.5326966,Bajo,OriginalSmallSedan(Clone)0,3.0128,690.99,7.21,600.80,0.00,690.37,6.82,604.36,8.09
00:00:15.5417359,Bajo,SmallSedanGreen2(Clone)3,3.1965,686.76,7.41,603.43,0.00,690.37,6.82,604.36,8.09
00:00:15.5417708,Bajo,OriginalSmallSedan(Clone)0,2.9401,691.00,7.21,600.80,0.00,690.37,6.82,604.36,8.09
00:00:15.5601888,Bajo,SmallSedanGreen2(Clone)3,3.2537,686.76,7.41,603.39,0.00,690.46,6.81,604.22,8.11
00:00:15.5602225,Bajo,OriginalSmallSedan(Clone)0,2.8114,691.04,7.21,600.81,0.00,690.46,6.81,604.22,8.11
00:00:15.5702409,Bajo,SmallSedanGreen2(Clone)3,3.2871,686.77,7.41,603.37,0.00,690.54,6.81,604.08,8.12
00:00:15.5702734,Bajo,OriginalSmallSedan(Clone)0,2.7375,691.06,7.21,600.81,0.00,690.54,6.81,604.08,8.12
00:00:15.5881645,Bajo,SmallSedanGreen2(Clone)3,3.3491,686.77,7.41,603.33,0.00,690.62,6.81,603.94,8.13
00:00:15.5881992,Bajo,OriginalSmallSedan(Clone)0,2.6061,691.10,7.21,600.82,0.00,690.62,6.81,603.94,8.13
00:00:15.5999323,Bajo,SmallSedanGreen2(Clone)3,3.3948,686.78,7.41,603.30,0.00,690.62,6.81,603.94,8.13
00:00:15.5999648,Bajo,OriginalSmallSedan(Clone)0,2.5132,691.12,7.21,600.82,0.00,690.62,6.81,603.94,8.13
00:00:15.6110066,Bajo,SmallSedanGreen2(Clone)3,3.4314,686.78,7.41,603.28,0.00,690.70,6.81,603.80,8.15
00:00:15.6111011,Alto,OriginalSmallSedan(Clone)0,2.4386,691.14,7.21,600.82,0.00,690.70,6.81,603.80,8.15
00:00:15.6199692,Bajo,SmallSedanGreen2(Clone)3,3.4685,686.79,7.41,603.26,0.00,690.70,6.81,603.80,8.15
00:00:15.6200023,Alto,OriginalSmallSedan(Clone)0,2.3692,691.14,7.21,600.82,0.00,690.70,6.81,603.80,8.15
00:00:15.6295975,Bajo,SmallSedanGreen2(Clone)3,3.5011,686.79,7.41,603.24,0.00,690.78,6.81,603.65,8.16
00:00:15.6296297,Alto,OriginalSmallSedan(Clone)0,2.3075,691.14,7.21,600.82,0.00,690.78,6.81,603.65,8.16
00:00:15.6383256,Bajo,SmallSedanGreen2(Clone)3,3.5385,686.79,7.41,603.22,0.00,690.78,6.81,603.65,8.16
00:00:15.6383571,Alto,OriginalSmallSedan(Clone)0,2.2398,691.14,7.21,600.82,0.00,690.78,6.81,603.65,8.16
00:00:15.6472298,Bajo,SmallSedanGreen2(Clone)3,3.5694,686.79,7.41,603.20,0.00,690.86,6.80,603.51,8.17
00:00:15.6472619,Alto,OriginalSmallSedan(Clone)0,2.1828,691.14,7.21,600.82,0.00,690.86,6.80,603.51,8.17
00:00:15.6554883,Bajo,SmallSedanGreen2(Clone)3,3.6057,686.80,7.41,603.19,0.00,690.86,6.80,603.51,8.17
00:00:15.6555315,Alto,OriginalSmallSedan(Clone)0,2.1188,691.14,7.21,600.82,0.00,690.86,6.80,603.51,8.17
00:00:15.6638684,Bajo,SmallSedanGreen2(Clone)3,3.6397,686.80,7.41,603.17,0.00,690.86,6.80,603.51,8.17
00:00:15.6639022,Alto,OriginalSmallSedan(Clone)0,2.0601,691.14,7.21,600.82,0.00,690.86,6.80,603.51,8.17
00:00:15.6725611,Bajo,SmallSedanGreen2(Clone)3,3.6699,686.80,7.41,603.15,0.00,690.94,6.80,603.37,8.18
00:00:15.6726053,Alto,OriginalSmallSedan(Clone)0,2.0067,691.14,7.21,600.82,0.00,690.94,6.80,603.37,8.18
00:00:15.6815636,Bajo,SmallSedanGreen2(Clone)3,3.7118,686.81,7.41,603.13,0.00,690.94,6.80,603.37,8.18
00:00:15.6815976,Alto,OriginalSmallSedan(Clone)0,1.9359,691.14,7.21,600.82,0.00,690.94,6.80,603.37,8.18
00:00:15.6908173,Bajo,SmallSedanGreen2(Clone)3,3.7464,686.81,7.41,603.12,0.00,691.01,6.80,603.22,8.20
00:00:15.6908521,Alto,OriginalSmallSedan(Clone)0,1.8767,691.14,7.21,600.82,0.00,691.01,6.80,603.22,8.20
00:00:15.6995172,Bajo,SmallSedanGreen2(Clone)3,3.7869,686.81,7.41,603.10,0.00,691.01,6.80,603.22,8.20
00:00:15.6995507,Alto,OriginalSmallSedan(Clone)0,1.8099,691.14,7.21,600.82,0.00,691.01,6.80,603.22,8.20
00:00:15.7085006,Bajo,SmallSedanGreen2(Clone)3,3.8218,686.81,7.41,603.08,0.00,691.09,6.80,603.08,8.21
00:00:15.7085341,Alto,OriginalSmallSedan(Clone)0,1.7520,691.14,7.21,600.82,0.00,691.09,6.80,603.08,8.21
00:00:15.7165055,Bajo,SmallSedanGreen2(Clone)3,3.8601,686.82,7.41,603.06,0.00,691.09,6.80,603.08,8.21
00:00:15.7165429,Alto,OriginalSmallSedan(Clone)0,1.6901,691.14,7.21,600.82,0.00,691.09,6.80,603.08,8.21
00:00:15.7247656,Bajo,SmallSedanGreen2(Clone)3,3.8969,686.82,7.41,603.05,0.00,691.09,6.80,603.08,8.21
00:00:15.7247982,Alto,OriginalSmallSedan(Clone)0,1.6316,691.14,7.21,600.82,0.00,691.09,6.80,603.08,8.21
00:00:15.7334584,Bajo,SmallSedanGreen2(Clone)3,3.9310,686.82,7.41,603.03,0.00,691.17,6.80,602.94,8.22
00:00:15.7334898,Alto,OriginalSmallSedan(Clone)0,1.5765,691.14,7.21,600.82,0.00,691.17,6.80,602.94,8.22
00:00:15.7409764,Bajo,SmallSedanGreen2(Clone)3,3.9687,686.82,7.41,603.02,0.00,691.17,6.80,602.94,8.22
00:00:15.7410081,Alto,OriginalSmallSedan(Clone)0,1.5178,691.14,7.21,600.82,0.00,691.17,6.80,602.94,8.22
00:00:15.7494416,Bajo,SmallSedanGreen2(Clone)3,4.0029,686.83,7.41,603.00,0.00,691.25,6.80,602.79,8.23
00:00:15.7494742,Alto,OriginalSmallSedan(Clone)0,1.4637,691.14,7.21,600.82,0.00,691.25,6.80,602.79,8.23
00:00:15.7576305,Bajo,SmallSedanGreen2(Clone)3,4.0444,686.83,7.41,602.99,0.00,691.25,6.80,602.79,8.23
00:00:15.7576627,Alto,OriginalSmallSedan(Clone)0,1.4000,691.14,7.21,600.82,0.00,691.25,6.80,602.79,8.23
00:00:15.7649525,Bajo,SmallSedanGreen2(Clone)3,4.0786,686.83,7.41,602.97,0.00,691.25,6.80,602.79,8.23
00:00:15.7649858,Alto,OriginalSmallSedan(Clone)0,1.3481,691.14,7.21,600.82,0.00,691.25,6.80,602.79,8.23
00:00:15.7729055,Bajo,SmallSedanGreen2(Clone)3,4.1113,686.83,7.41,602.96,0.00,691.33,6.80,602.65,8.25
00:00:15.7729363,Alto,OriginalSmallSedan(Clone)0,1.2977,691.14,7.21,600.82,0.00,691.33,6.80,602.65,8.25
00:00:15.7804109,Bajo,SmallSedanGreen2(Clone)3,4.1505,686.84,7.41,602.94,0.00,691.33,6.80,602.65,8.25
00:00:15.7804442,Alto,OriginalSmallSedan(Clone)0,1.2390,691.14,7.21,600.82,0.00,691.33,6.80,602.65,8.25
00:00:15.7889360,Bajo,SmallSedanGreen2(Clone)3,4.1868,686.84,7.41,602.93,0.00,691.41,6.80,602.50,8.26
00:00:15.7889698,Alto,OriginalSmallSedan(Clone)0,1.1839,691.14,7.21,600.82,0.00,691.41,6.80,602.50,8.26
00:00:15.7963079,Bajo,SmallSedanGreen2(Clone)3,4.2260,686.84,7.41,602.91,0.00,691.41,6.80,602.50,8.26
00:00:15.7963427,Alto,OriginalSmallSedan(Clone)0,1.1259,691.14,7.21,600.82,0.00,691.41,6.80,602.50,8.26
00:00:15.8041987,Bajo,SmallSedanGreen2(Clone)3,4.2644,686.84,7.41,602.90,0.00,691.41,6.80,602.50,8.26
00:00:15.8042337,Alto,OriginalSmallSedan(Clone)0,1.0695,691.14,7.21,600.82,0.00,691.41,6.80,602.50,8.26
00:00:15.8121836,Bajo,SmallSedanGreen2(Clone)3,4.2985,686.85,7.41,602.89,0.00,691.49,6.79,602.36,8.27
00:00:15.8122171,Alto,OriginalSmallSedan(Clone)0,1.0189,691.14,7.21,600.82,0.00,691.49,6.79,602.36,8.27
00:00:15.8199149,Bajo,SmallSedanGreen2(Clone)3,4.3409,686.85,7.41,602.87,0.00,691.49,6.79,602.36,8.27
00:00:15.8199580,Colision,OriginalSmallSedan(Clone)0,0.9571,691.14,7.21,600.82,0.00,691.49,6.79,602.36,8.27
00:00:15.8296481,Bajo,SmallSedanGreen2(Clone)3,4.3848,686.85,7.41,602.86,0.00,691.56,6.79,602.21,8.28
00:00:15.8296855,Colision,OriginalSmallSedan(Clone)0,0.8929,691.14,7.21,600.82,0.00,691.56,6.79,602.21,8.28
00:00:15.8372236,Bajo,SmallSedanGreen2(Clone)3,4.4270,686.85,7.41,602.84,0.00,691.56,6.79,602.21,8.28
00:00:15.8372590,Colision,OriginalSmallSedan(Clone)0,0.8319,691.14,7.21,600.82,0.00,691.56,6.79,602.21,8.28
00:00:15.8441825,Bajo,SmallSedanGreen2(Clone)3,4.4622,686.85,7.41,602.83,0.00,691.56,6.79,602.21,8.28
00:00:15.8442171,Colision,OriginalSmallSedan(Clone)0,0.7812,691.14,7.21,600.82,0.00,691.56,6.79,602.21,8.28
00:00:15.8524679,Bajo,SmallSedanGreen2(Clone)3,4.4996,686.86,7.41,602.82,0.00,691.64,6.79,602.06,8.30
00:00:15.8525129,Colision,OriginalSmallSedan(Clone)0,0.7268,691.14,7.21,600.82,0.00,691.64,6.79,602.06,8.30
00:00:15.8601746,Bajo,SmallSedanGreen2(Clone)3,4.5433,686.86,7.41,602.80,0.00,691.64,6.79,602.06,8.30
00:00:15.8602471,Colision,OriginalSmallSedan(Clone)0,0.6641,691.14,7.21,600.82,0.00,691.64,6.79,602.06,8.30
00:00:15.8699877,Bajo,SmallSedanGreen2(Clone)3,4.5892,686.86,7.41,602.79,0.00,691.72,6.79,601.92,8.31
00:00:15.8700188,Colision,OriginalSmallSedan(Clone)0,0.5978,691.14,7.21,600.82,0.00,691.72,6.79,601.92,8.31
00:00:15.8778405,Bajo,SmallSedanGreen2(Clone)3,4.6345,686.86,7.41,602.77,0.00,691.72,6.79,601.92,8.31
00:00:15.8778727,Colision,OriginalSmallSedan(Clone)0,0.5329,691.14,7.21,600.82,0.00,691.72,6.79,601.92,8.31
00:00:15.8849157,Bajo,SmallSedanGreen2(Clone)3,4.6716,686.87,7.41,602.76,0.00,691.72,6.79,601.92,8.31
00:00:15.8849470,Colision,OriginalSmallSedan(Clone)0,0.4795,691.14,7.21,600.82,0.00,691.72,6.79,601.92,8.31
00:00:15.8925802,Bajo,SmallSedanGreen2(Clone)3,4.7073,686.87,7.41,602.75,0.00,691.80,6.79,601.77,8.32
00:00:15.8926141,Colision,OriginalSmallSedan(Clone)0,0.4661,691.15,7.21,600.79,0.00,691.80,6.79,601.77,8.32
00:00:15.8995612,Bajo,SmallSedanGreen2(Clone)3,4.7485,686.87,7.41,602.74,0.00,691.80,6.79,601.77,8.32
00:00:15.8995963,Colision,OriginalSmallSedan(Clone)0,0.4983,691.16,7.21,600.71,0.00,691.80,6.79,601.77,8.32
00:00:15.9070453,Bajo,SmallSedanGreen2(Clone)3,4.7840,686.87,7.41,602.72,0.00,691.87,6.79,601.62,8.33
00:00:15.9070728,Colision,OriginalSmallSedan(Clone)0,0.5242,691.17,7.21,600.63,0.00,691.87,6.79,601.62,8.33
00:00:15.9142279,Bajo,SmallSedanGreen2(Clone)3,4.8267,686.87,7.41,602.71,0.00,691.87,6.79,601.62,8.33
00:00:15.9142591,Colision,OriginalSmallSedan(Clone)0,0.5537,691.18,7.20,600.55,0.00,691.87,6.79,601.62,8.33
00:00:15.9209589,Bajo,SmallSedanGreen2(Clone)3,4.8632,686.87,7.41,602.70,0.00,691.87,6.79,601.62,8.33
00:00:15.9209895,Colision,OriginalSmallSedan(Clone)0,0.5775,691.19,7.20,600.48,0.00,691.87,6.79,601.62,8.33
00:00:15.9287569,Bajo,SmallSedanGreen2(Clone)3,4.9008,686.88,7.41,602.69,0.00,691.95,6.79,601.47,8.34
00:00:15.9288551,Colision,OriginalSmallSedan(Clone)0,0.6005,691.20,7.20,600.41,0.00,691.95,6.79,601.47,8.34
00:00:15.9358408,Bajo,SmallSedanGreen2(Clone)3,4.9437,686.88,7.41,602.68,0.00,691.95,6.79,601.47,8.34
00:00:15.9358717,Colision,OriginalSmallSedan(Clone)0,0.6254,691.21,7.20,600.34,0.00,691.95,6.79,601.47,8.34
00:00:15.9424104,Colision,OriginalSmallSedan(Clone)0,0.6451,691.22,7.20,600.28,0.00,691.95,6.79,601.47,8.34
00:00:15.9499386,Colision,OriginalSmallSedan(Clone)0,0.6642,691.23,7.20,600.21,0.00,692.03,6.79,601.33,8.36
00:00:15.9575272,Colision,OriginalSmallSedan(Clone)0,0.6867,691.24,7.20,600.14,0.00,692.03,6.79,601.33,8.36
00:00:15.9640461,Colision,OriginalSmallSedan(Clone)0,0.7034,691.25,7.20,600.08,0.00,692.03,6.79,601.33,8.36
00:00:15.9720494,Colision,OriginalSmallSedan(Clone)0,0.7207,691.26,7.20,600.02,0.00,692.11,6.79,601.18,8.37
00:00:15.9797652,Colision,OriginalSmallSedan(Clone)0,0.7404,691.27,7.20,599.94,0.00,692.11,6.79,601.18,8.37
00:00:15.9877781,Colision,OriginalSmallSedan(Clone)0,0.7563,691.28,7.20,599.88,0.00,692.18,6.79,601.03,8.38
00:00:15.9944910,Colision,OriginalSmallSedan(Clone)0,0.7720,691.28,7.20,599.82,0.00,692.18,6.79,601.03,8.38
00:00:16.0016538,Colision,OriginalSmallSedan(Clone)0,0.7860,691.29,7.20,599.77,0.00,692.18,6.79,601.03,8.38
00:00:16.0096371,Colision,OriginalSmallSedan(Clone)0,0.8000,691.30,7.20,599.71,0.00,692.26,6.79,600.88,8.39
00:00:16.0166354,Colision,OriginalSmallSedan(Clone)0,0.8141,691.31,7.20,599.65,0.00,692.26,6.79,600.88,8.39
00:00:16.0237463,Colision,OriginalSmallSedan(Clone)0,0.8266,691.32,7.20,599.60,0.00,692.26,6.79,600.88,8.39
00:00:16.0316576,Colision,OriginalSmallSedan(Clone)0,0.8387,691.32,7.20,599.54,0.00,692.34,6.79,600.73,8.40
00:00:16.0389395,Colision,OriginalSmallSedan(Clone)0,0.8520,691.33,7.20,599.49,0.00,692.34,6.79,600.73,8.40
00:00:16.0466834,Colision,OriginalSmallSedan(Clone)0,0.8632,691.34,7.20,599.44,0.00,692.42,6.78,600.58,8.42
00:00:16.0538032,Colision,OriginalSmallSedan(Clone)0,0.8755,691.35,7.20,599.38,0.00,692.42,6.78,600.58,8.42
00:00:16.0703129,Colision,OriginalSmallSedan(Clone)0,0.8991,691.36,7.20,599.28,0.00,692.49,6.78,600.43,8.43
00:00:16.0778610,Colision,OriginalSmallSedan(Clone)0,0.9115,691.37,7.20,599.22,0.00,692.49,6.78,600.43,8.43
00:00:16.0870668,Colision,OriginalSmallSedan(Clone)0,0.9238,691.38,7.19,599.17,0.00,692.57,6.78,600.28,8.44
00:00:16.0941658,Colision,OriginalSmallSedan(Clone)0,0.9353,691.38,7.19,599.12,0.00,692.57,6.78,600.28,8.44
00:00:16.1011426,Colision,OriginalSmallSedan(Clone)0,0.9455,691.39,7.19,599.07,0.00,692.57,6.78,600.28,8.44
00:00:16.1087644,Colision,OriginalSmallSedan(Clone)0,0.9557,691.39,7.19,599.03,0.00,692.65,6.78,600.13,8.45
00:00:16.1158964,Colision,OriginalSmallSedan(Clone)0,0.9675,691.40,7.19,598.99,0.00,692.65,6.78,600.13,8.45
00:00:16.1223802,Colision,OriginalSmallSedan(Clone)0,0.9772,691.41,7.19,598.95,0.00,692.65,6.78,600.13,8.45
00:00:16.1297798,Colision,OriginalSmallSedan(Clone)0,0.9874,691.41,7.19,598.91,0.00,692.72,6.78,599.98,8.47
00:00:16.1367103,Colision,OriginalSmallSedan(Clone)0,0.9995,691.42,7.19,598.86,0.00,692.72,6.78,599.98,8.47
00:00:16.1433172,Alto,OriginalSmallSedan(Clone)0,1.0100,691.42,7.19,598.83,0.00,692.72,6.78,599.98,8.47
00:00:16.1508087,Alto,OriginalSmallSedan(Clone)0,1.0210,691.43,7.19,598.79,0.00,692.80,6.78,599.83,8.48
00:00:16.1576616,Alto,OriginalSmallSedan(Clone)0,1.0339,691.43,7.19,598.75,0.00,692.80,6.78,599.83,8.48
00:00:16.1643119,Alto,OriginalSmallSedan(Clone)0,1.0453,691.44,7.19,598.71,0.00,692.80,6.78,599.83,8.48
00:00:16.1715941,Alto,OriginalSmallSedan(Clone)0,1.0569,691.44,7.19,598.68,0.00,692.88,6.78,599.68,8.49
00:00:16.1784827,Alto,OriginalSmallSedan(Clone)0,1.0709,691.45,7.19,598.64,0.00,692.88,6.78,599.68,8.49
00:00:16.1848702,Alto,OriginalSmallSedan(Clone)0,1.0829,691.45,7.19,598.61,0.00,692.88,6.78,599.68,8.49
00:00:16.1919421,Alto,OriginalSmallSedan(Clone)0,1.0953,691.46,7.19,598.58,0.00,692.96,6.78,599.52,8.50
00:00:16.1989532,Alto,OriginalSmallSedan(Clone)0,1.1108,691.46,7.19,598.54,0.00,692.96,6.78,599.52,8.50
00:00:16.2080469,Alto,OriginalSmallSedan(Clone)0,1.1281,691.47,7.19,598.50,0.00,693.03,6.78,599.37,8.52
00:00:16.2161021,Alto,OriginalSmallSedan(Clone)0,1.1472,691.48,7.19,598.45,0.00,693.03,6.78,599.37,8.52
00:00:16.2225849,Alto,OriginalSmallSedan(Clone)0,1.1617,691.48,7.19,598.42,0.00,693.03,6.78,599.37,8.52
00:00:16.2301954,Alto,OriginalSmallSedan(Clone)0,1.1774,691.48,7.19,598.39,0.00,693.11,6.77,599.22,8.53
00:00:16.2369930,Alto,OriginalSmallSedan(Clone)0,1.1954,691.49,7.19,598.36,0.00,693.11,6.77,599.22,8.53
00:00:16.2430405,Alto,OriginalSmallSedan(Clone)0,1.2103,691.49,7.19,598.33,0.00,693.11,6.77,599.22,8.53
00:00:16.2500706,Alto,OriginalSmallSedan(Clone)0,1.2261,691.50,7.19,598.30,0.00,693.19,6.77,599.07,8.54
00:00:16.2564184,Alto,OriginalSmallSedan(Clone)0,1.2446,691.50,7.19,598.27,0.00,693.19,6.77,599.07,8.54
00:00:16.2624842,Alto,OriginalSmallSedan(Clone)0,1.2607,691.50,7.19,598.24,0.00,693.19,6.77,599.07,8.54
00:00:16.2697846,Alto,OriginalSmallSedan(Clone)0,1.2785,691.51,7.19,598.22,0.00,693.26,6.77,598.91,8.55
00:00:16.2759388,Alto,OriginalSmallSedan(Clone)0,1.2980,691.51,7.19,598.19,0.00,693.26,6.77,598.91,8.55
00:00:16.2821998,Alto,OriginalSmallSedan(Clone)0,1.3160,691.52,7.19,598.16,0.00,693.26,6.77,598.91,8.55
00:00:16.2889918,Alto,OriginalSmallSedan(Clone)0,1.3338,691.52,7.19,598.13,0.00,693.34,6.77,598.76,8.57
00:00:16.2951960,Alto,OriginalSmallSedan(Clone)0,1.3550,691.52,7.19,598.11,0.00,693.34,6.77,598.76,8.57
00:00:16.3027760,Alto,OriginalSmallSedan(Clone)0,1.3783,691.53,7.19,598.08,0.00,693.34,6.77,598.76,8.57
00:00:16.3096159,Alto,OriginalSmallSedan(Clone)0,1.3978,691.53,7.19,598.05,0.00,693.42,6.77,598.61,8.58
00:00:16.3161132,Alto,OriginalSmallSedan(Clone)0,1.4213,691.54,7.19,598.02,0.00,693.42,6.77,598.61,8.58
00:00:16.3221679,Alto,OriginalSmallSedan(Clone)0,1.4417,691.54,7.19,598.00,0.00,693.42,6.77,598.61,8.58
00:00:16.3293526,Alto,OriginalSmallSedan(Clone)0,1.4631,691.54,7.19,597.97,0.00,693.49,6.77,598.46,8.59
00:00:16.3360797,Alto,OriginalSmallSedan(Clone)0,1.4895,691.55,7.19,597.95,0.00,693.49,6.77,598.46,8.59
00:00:16.3420921,Alto,OriginalSmallSedan(Clone)0,1.5109,691.55,7.19,597.92,0.00,693.49,6.77,598.46,8.59
00:00:16.3494649,Alto,OriginalSmallSedan(Clone)0,1.5349,691.55,7.19,597.90,0.00,693.57,6.77,598.30,8.61
00:00:16.3555216,Alto,OriginalSmallSedan(Clone)0,1.5601,691.56,7.19,597.87,0.00,693.57,6.77,598.30,8.61
00:00:16.3616098,Alto,OriginalSmallSedan(Clone)0,1.5829,691.56,7.19,597.85,0.00,693.57,6.77,598.30,8.61
00:00:16.3685154,Alto,OriginalSmallSedan(Clone)0,1.6062,691.56,7.19,597.83,0.00,693.65,6.76,598.15,8.62
00:00:16.3748464,Alto,OriginalSmallSedan(Clone)0,1.6340,691.57,7.18,597.80,0.00,693.65,6.76,598.15,8.62
00:00:16.3813498,Alto,OriginalSmallSedan(Clone)0,1.6597,691.57,7.18,597.78,0.00,693.65,6.76,598.15,8.62
00:00:16.3885881,Alto,OriginalSmallSedan(Clone)0,1.6855,691.57,7.18,597.76,0.00,693.73,6.76,597.99,8.63
00:00:16.3953796,Alto,OriginalSmallSedan(Clone)0,1.7166,691.58,7.18,597.73,0.00,693.73,6.76,597.99,8.63
00:00:16.4014637,Alto,OriginalSmallSedan(Clone)0,1.7422,691.58,7.18,597.71,0.00,693.73,6.76,597.99,8.63
00:00:16.4084845,Alto,OriginalSmallSedan(Clone)0,1.7683,691.58,7.18,597.69,0.00,693.80,6.76,597.84,8.64
00:00:16.4148627,Alto,OriginalSmallSedan(Clone)0,1.7991,691.59,7.18,597.67,0.00,693.80,6.76,597.84,8.64
00:00:16.4206769,Alto,OriginalSmallSedan(Clone)0,1.8245,691.59,7.18,597.65,0.00,693.80,6.76,597.84,8.64
00:00:16.4274638,Alto,OriginalSmallSedan(Clone)0,1.8503,691.59,7.18,597.63,0.00,693.88,6.76,597.68,8.66
00:00:16.4337304,Alto,OriginalSmallSedan(Clone)0,1.8822,691.59,7.18,597.61,0.00,693.88,6.76,597.68,8.66
00:00:16.4396590,Alto,OriginalSmallSedan(Clone)0,1.9092,691.60,7.18,597.59,0.00,693.88,6.76,597.68,8.66
00:00:16.4470095,Alto,OriginalSmallSedan(Clone)0,1.9391,691.60,7.18,597.57,0.00,693.96,6.76,597.53,8.67
00:00:16.4534652,Alto,OriginalSmallSedan(Clone)0,1.9728,691.60,7.18,597.54,0.00,693.96,6.76,597.53,8.67
00:00:16.4595311,Alto,OriginalSmallSedan(Clone)0,2.0013,691.61,7.18,597.53,0.00,693.96,6.76,597.53,8.67
00:00:16.4668357,Alto,OriginalSmallSedan(Clone)0,2.0312,691.61,7.18,597.51,0.00,694.04,6.76,597.37,8.68
00:00:16.4734599,Alto,OriginalSmallSedan(Clone)0,2.0677,691.61,7.18,597.48,0.00,694.04,6.76,597.37,8.68
00:00:16.4797373,Alto,OriginalSmallSedan(Clone)0,2.0983,691.61,7.18,597.47,0.00,694.04,6.76,597.37,8.68
00:00:16.4868969,Alto,OriginalSmallSedan(Clone)0,2.1288,691.62,7.18,597.45,0.00,694.11,6.76,597.22,8.69
00:00:16.4932327,Alto,OriginalSmallSedan(Clone)0,2.1650,691.62,7.18,597.43,0.00,694.11,6.76,597.22,8.69
00:00:16.4990102,Alto,OriginalSmallSedan(Clone)0,2.1942,691.62,7.18,597.41,0.00,694.11,6.76,597.22,8.69
00:00:16.5050196,Alto,OriginalSmallSedan(Clone)0,2.2246,691.62,7.18,597.39,0.00,694.11,6.76,597.22,8.69
00:00:16.5118745,Alto,OriginalSmallSedan(Clone)0,2.2546,691.63,7.18,597.38,0.00,694.19,6.76,597.06,8.71
00:00:18.6082074,Bajo,SmallSedanPurple(Clone)15,4.6153,708.10,7.31,577.25,3.23,705.79,6.72,582.02,9.61
00:00:18.6179939,Bajo,SmallSedanPurple(Clone)15,4.5239,708.11,7.31,577.25,3.23,705.79,6.72,582.02,9.61
00:00:18.6282755,Bajo,SmallSedanPurple(Clone)15,4.4326,708.08,7.31,577.25,3.24,705.93,6.72,581.88,9.62
00:00:18.6386555,Bajo,SmallSedanPurple(Clone)15,4.3369,708.09,7.31,577.25,3.24,705.93,6.72,581.88,9.62
00:00:18.6494379,Bajo,SmallSedanPurple(Clone)15,4.2431,708.05,7.31,577.24,3.25,706.07,6.72,581.75,9.63
00:00:18.6595704,Bajo,SmallSedanPurple(Clone)15,4.1509,708.06,7.31,577.25,3.25,706.07,6.72,581.75,9.63
00:00:18.6701312,Bajo,SmallSedanPurple(Clone)15,4.0624,708.03,7.31,577.24,3.26,706.21,6.72,581.62,9.64
00:00:18.6803930,Bajo,SmallSedanPurple(Clone)15,3.9697,708.04,7.30,577.24,3.26,706.21,6.72,581.62,9.64
00:00:18.6931648,Bajo,SmallSedanPurple(Clone)15,3.8657,708.01,7.30,577.24,3.27,706.35,6.72,581.49,9.64
00:00:18.7047271,Bajo,SmallSedanPurple(Clone)15,3.7639,708.03,7.30,577.24,3.27,706.35,6.72,581.49,9.64
00:00:18.7157704,Bajo,SmallSedanPurple(Clone)15,3.6773,708.00,7.30,577.24,3.29,706.49,6.72,581.35,9.65
00:00:18.7269707,Bajo,SmallSedanPurple(Clone)15,3.5843,707.97,7.29,577.23,3.31,706.63,6.72,581.22,9.66
00:00:18.7371352,Bajo,SmallSedanPurple(Clone)15,3.4975,707.99,7.29,577.23,3.31,706.63,6.72,581.22,9.66
00:00:18.7488256,Bajo,SmallSedanPurple(Clone)15,3.4111,707.96,7.29,577.23,3.33,706.77,6.72,581.09,9.67
00:00:18.7587883,Bajo,SmallSedanPurple(Clone)15,3.3281,707.98,7.29,577.23,3.33,706.77,6.72,581.09,9.67
00:00:18.7698568,Bajo,SmallSedanPurple(Clone)15,3.2507,707.95,7.28,577.23,3.34,706.91,6.72,580.96,9.68
00:00:18.7800343,Bajo,SmallSedanPurple(Clone)15,3.1679,707.97,7.28,577.23,3.34,706.91,6.72,580.96,9.68
00:00:18.7907917,Bajo,SmallSedanPurple(Clone)15,3.0966,707.95,7.28,577.23,3.36,707.06,6.72,580.83,9.69
00:00:18.8010162,Bajo,SmallSedanPurple(Clone)15,3.0157,707.97,7.28,577.23,3.36,707.06,6.72,580.83,9.69
00:00:18.8120960,Bajo,SmallSedanPurple(Clone)15,2.9462,707.95,7.28,577.23,3.37,707.20,6.71,580.70,9.70
00:00:18.8223831,Bajo,SmallSedanPurple(Clone)15,2.8670,707.98,7.28,577.23,3.37,707.20,6.71,580.70,9.70
00:00:18.8335255,Bajo,SmallSedanPurple(Clone)15,2.8015,707.96,7.27,577.23,3.39,707.34,6.71,580.58,9.71
00:00:18.8437698,Bajo,SmallSedanPurple(Clone)15,2.7255,707.99,7.27,577.23,3.39,707.34,6.71,580.58,9.71
00:00:18.8547993,Bajo,SmallSedanPurple(Clone)15,2.6653,707.97,7.27,577.23,3.40,707.49,6.71,580.45,9.72
00:00:18.8653928,Bajo,SmallSedanPurple(Clone)15,2.5897,708.00,7.27,577.23,3.40,707.49,6.71,580.45,9.72
00:00:18.8761878,Bajo,SmallSedanPurple(Clone)15,2.5357,707.99,7.27,577.23,3.42,707.64,6.71,580.32,9.73
00:00:18.8880284,Alto,SmallSedanPurple(Clone)15,2.4734,707.98,7.26,577.23,3.43,707.78,6.71,580.19,9.73
00:00:18.9001649,Alto,SmallSedanPurple(Clone)15,2.3932,708.02,7.26,577.23,3.43,707.78,6.71,580.19,9.73
00:00:18.9134402,Alto,SmallSedanPurple(Clone)15,2.3330,708.02,7.26,577.23,3.45,707.93,6.71,580.07,9.74
00:00:18.9244143,Alto,SmallSedanPurple(Clone)15,2.2630,708.07,7.26,577.24,3.45,707.93,6.71,580.07,9.74
00:00:18.9358540,Alto,SmallSedanPurple(Clone)15,2.2190,708.07,7.16,577.24,3.46,708.08,6.71,579.94,9.75
00:00:18.9471597,Alto,SmallSedanPurple(Clone)15,2.1729,708.07,7.16,577.24,3.47,708.23,6.71,579.82,9.76
00:00:18.9576419,Alto,SmallSedanPurple(Clone)15,2.1103,708.12,7.16,577.24,3.47,708.23,6.71,579.82,9.76
00:00:18.9691531,Alto,SmallSedanPurple(Clone)15,2.0720,708.13,7.17,577.24,3.49,708.38,6.71,579.69,9.77
00:00:18.9799519,Alto,SmallSedanPurple(Clone)15,2.0101,708.19,7.17,577.25,3.49,708.38,6.71,579.69,9.77
00:00:18.9913483,Alto,SmallSedanPurple(Clone)15,1.9759,708.20,7.17,577.25,3.50,708.53,6.71,579.56,9.78
00:00:19.0020093,Alto,SmallSedanPurple(Clone)15,1.9154,708.26,7.18,577.26,3.50,708.53,6.71,579.56,9.78
00:00:19.0135066,Alto,SmallSedanPurple(Clone)15,1.8820,708.29,7.18,577.26,3.51,708.68,6.71,579.44,9.79
00:00:19.0239035,Alto,SmallSedanPurple(Clone)15,1.8231,708.36,7.18,577.27,3.51,708.68,6.71,579.44,9.79
00:00:19.0352555,Alto,SmallSedanPurple(Clone)15,1.7898,708.39,7.18,577.28,3.52,708.83,6.71,579.32,9.80
00:00:19.0464652,Alto,SmallSedanPurple(Clone)15,1.7515,708.43,7.17,577.28,3.54,708.98,6.71,579.19,9.81
00:00:19.0572410,Alto,SmallSedanPurple(Clone)15,1.6865,708.52,7.18,577.29,3.54,708.98,6.71,579.19,9.81
00:00:19.0766883,Alto,SmallSedanPurple(Clone)15,1.5987,708.64,7.18,577.31,3.55,709.13,6.71,579.07,9.82
00:00:19.0893949,Alto,SmallSedanPurple(Clone)15,1.5525,708.65,7.17,577.31,3.56,709.29,6.71,578.94,9.83
00:00:19.1022964,Alto,SmallSedanPurple(Clone)15,1.4840,708.65,7.17,577.31,3.56,709.29,6.71,578.94,9.83
00:00:19.1148907,Alto,SmallSedanPurple(Clone)15,1.4507,708.58,7.15,577.31,3.57,709.44,6.71,578.82,9.84
00:00:19.1271405,Alto,SmallSedanPurple(Clone)15,1.4117,708.50,7.14,577.30,3.58,709.59,6.71,578.70,9.85
00:00:19.1386030,Alto,SmallSedanPurple(Clone)15,1.3393,708.50,7.14,577.30,3.58,709.59,6.71,578.70,9.85
00:00:19.1507217,Alto,SmallSedanPurple(Clone)15,1.2972,708.43,7.13,577.29,3.60,709.75,6.71,578.57,9.86
00:00:19.1641865,Alto,SmallSedanPurple(Clone)15,1.2006,708.43,7.13,577.29,3.60,709.75,6.71,578.57,9.86
00:00:19.1783812,Alto,SmallSedanPurple(Clone)15,1.3201,708.37,7.12,577.19,3.61,709.90,6.72,578.45,9.87
00:00:19.1916486,Alto,SmallSedanPurple(Clone)15,1.4802,708.31,7.11,577.06,3.62,710.06,6.72,578.33,9.88
00:00:19.2049485,Alto,SmallSedanPurple(Clone)15,1.5679,708.32,7.11,576.97,3.62,710.06,6.72,578.33,9.88
00:00:19.2203584,Alto,SmallSedanPurple(Clone)15,1.7292,708.27,7.11,576.86,3.63,710.21,6.72,578.21,9.89
00:00:19.2337545,Alto,SmallSedanPurple(Clone)15,1.8906,708.21,7.10,576.75,3.64,710.37,6.72,578.09,9.90
00:00:19.2470935,Alto,SmallSedanPurple(Clone)15,2.0473,708.15,7.10,576.66,3.65,710.53,6.72,577.96,9.91
00:00:19.2583972,Alto,SmallSedanPurple(Clone)15,2.1230,708.15,7.10,576.60,3.65,710.53,6.72,577.96,9.91
00:00:19.2702304,Alto,SmallSedanPurple(Clone)15,2.2648,708.09,7.11,576.52,3.67,710.68,6.72,577.84,9.92
00:00:19.2812747,Alto,SmallSedanPurple(Clone)15,2.3405,708.10,7.11,576.47,3.67,710.68,6.72,577.84,9.92
00:00:19.2924600,Alto,SmallSedanPurple(Clone)15,2.4802,708.03,7.11,576.40,3.68,710.84,6.72,577.72,9.93
00:00:19.3036599,Bajo,SmallSedanPurple(Clone)15,2.5570,708.04,7.11,576.35,3.68,710.84,6.72,577.72,9.93
00:00:19.3150550,Bajo,SmallSedanPurple(Clone)15,2.6987,707.98,7.11,576.29,3.69,711.00,6.72,577.60,9.94
00:00:19.3272409,Bajo,SmallSedanPurple(Clone)15,2.8520,707.91,7.12,576.22,3.70,711.16,6.72,577.48,9.95
00:00:19.3380509,Bajo,SmallSedanPurple(Clone)15,2.9294,707.92,7.12,576.18,3.70,711.16,6.72,577.48,9.95
00:00:19.3509227,Bajo,SmallSedanPurple(Clone)15,3.0825,707.85,7.12,576.12,3.71,711.32,6.72,577.36,9.96
00:00:19.3626125,Bajo,SmallSedanPurple(Clone)15,3.1681,707.86,7.12,576.08,3.71,711.32,6.72,577.36,9.96
00:00:19.3746461,Bajo,SmallSedanPurple(Clone)15,3.3184,707.79,7.13,576.02,3.72,711.48,6.72,577.24,9.97
00:00:19.3870224,Bajo,SmallSedanPurple(Clone)15,3.4777,707.73,7.13,575.97,3.73,711.64,6.72,577.13,9.97
00:00:19.3978737,Bajo,SmallSedanPurple(Clone)15,3.5601,707.73,7.13,575.93,3.73,711.64,6.72,577.13,9.97
00:00:19.4092591,Bajo,SmallSedanPurple(Clone)15,3.7087,707.67,7.14,575.89,3.74,711.80,6.72,577.01,9.98
00:00:19.4206936,Bajo,SmallSedanPurple(Clone)15,3.7958,707.67,7.14,575.85,3.74,711.80,6.72,577.01,9.98
00:00:19.4324894,Bajo,SmallSedanPurple(Clone)15,3.9494,707.60,7.14,575.81,3.76,711.97,6.72,576.89,9.99
00:00:19.4431718,Bajo,SmallSedanPurple(Clone)15,4.0335,707.61,7.14,575.78,3.76,711.97,6.72,576.89,9.99
00:00:19.4553696,Bajo,SmallSedanPurple(Clone)15,4.1915,707.54,7.14,575.73,3.77,712.13,6.72,576.78,10.00
00:00:19.4673862,Bajo,SmallSedanPurple(Clone)15,4.3543,707.47,7.14,575.69,3.78,712.29,6.72,576.66,10.01
00:00:35.7005967,Bajo,SmallSedanBlue2(Clone)11,4.0660,871.75,12.63,598.21,0.00,873.33,12.19,593.67,12.59
00:00:35.7185609,Bajo,SmallSedanBlue2(Clone)11,3.9715,871.80,12.63,598.27,0.00,873.47,12.19,593.87,12.60
00:00:35.7364398,Bajo,SmallSedanBlue2(Clone)11,3.8809,871.84,12.71,598.33,0.00,873.61,12.19,594.08,12.61
00:00:35.7532638,Bajo,SmallSedanBlue2(Clone)11,3.7987,871.88,12.71,598.39,0.00,873.75,12.20,594.29,12.62
00:00:35.7697528,Bajo,SmallSedanBlue2(Clone)11,3.7224,871.92,12.71,598.45,0.00,873.89,12.20,594.50,12.63
00:00:35.7853435,Bajo,SmallSedanBlue2(Clone)11,3.6487,871.96,12.71,598.50,0.00,873.89,12.20,594.50,12.63
00:00:35.8017914,Bajo,SmallSedanBlue2(Clone)11,3.5833,871.99,12.71,598.56,0.00,874.03,12.20,594.71,12.64
00:00:35.8189231,Bajo,SmallSedanBlue2(Clone)11,3.5149,872.04,12.71,598.62,0.00,874.17,12.20,594.92,12.65
00:00:35.8356679,Bajo,SmallSedanBlue2(Clone)11,3.4536,872.08,12.71,598.67,0.00,874.31,12.20,595.13,12.66
00:00:35.8530700,Bajo,SmallSedanBlue2(Clone)11,3.3932,872.12,12.71,598.73,0.00,874.46,12.20,595.34,12.67
00:00:35.8718552,Bajo,SmallSedanBlue2(Clone)11,3.3352,872.16,12.71,598.80,0.00,874.60,12.20,595.55,12.68
00:00:36.1492640,Bajo,SmallSedanWhite(Clone)17,3.9361,874.93,12.68,602.81,0.00,876.58,12.23,598.52,12.81
00:00:36.1667374,Bajo,SmallSedanWhite(Clone)17,3.8428,874.97,12.76,602.87,0.00,876.72,12.23,598.73,12.82
00:00:36.1848595,Bajo,SmallSedanWhite(Clone)17,3.7462,875.02,12.76,602.94,0.00,876.72,12.23,598.73,12.82
00:00:36.2031578,Bajo,SmallSedanWhite(Clone)17,3.6622,875.06,12.76,603.00,0.00,876.86,12.23,598.95,12.83
00:00:36.2208708,Bajo,SmallSedanWhite(Clone)17,3.5802,875.10,12.76,603.06,0.00,877.01,12.23,599.16,12.84
00:00:36.2378306,Bajo,SmallSedanWhite(Clone)17,3.5065,875.15,12.76,603.12,0.00,877.15,12.24,599.37,12.85
00:00:36.2549646,Bajo,SmallSedanWhite(Clone)17,3.4366,875.19,12.76,603.18,0.00,877.29,12.24,599.59,12.86
00:00:36.2734682,Bajo,SmallSedanWhite(Clone)17,3.3664,875.23,12.76,603.25,0.00,877.44,12.24,599.80,12.86
00:00:36.2921424,Bajo,SmallSedanWhite(Clone)17,3.3015,875.28,12.76,603.32,0.00,877.58,12.24,600.01,12.87
00:00:36.3107346,Bajo,SmallSedanWhite(Clone)17,3.2443,875.33,12.76,603.38,0.00,877.72,12.25,600.23,12.88
00:00:36.5802081,Bajo,SmallSedanGrey(Clone)4,3.8790,878.09,12.75,607.38,0.00,879.60,12.29,603.02,12.99
00:00:36.5979676,Bajo,SmallSedanGrey(Clone)4,3.7823,878.13,12.83,607.45,0.00,879.75,12.30,603.23,13.00
00:00:36.6147051,Bajo,SmallSedanGrey(Clone)4,3.6957,878.17,12.84,607.51,0.00,879.89,12.30,603.45,13.01
00:00:36.6316445,Bajo,SmallSedanGrey(Clone)4,3.6127,878.22,12.84,607.57,0.00,880.04,12.30,603.67,13.01
00:00:36.6484078,Bajo,SmallSedanGrey(Clone)4,3.5333,878.26,12.84,607.63,0.00,880.18,12.31,603.88,13.02
00:00:36.6639653,Bajo,SmallSedanGrey(Clone)4,3.4598,878.30,12.84,607.69,0.00,880.18,12.31,603.88,13.02
00:00:36.6806117,Bajo,SmallSedanGrey(Clone)4,3.3937,878.34,12.84,607.75,0.00,880.33,12.31,604.10,13.03
00:00:36.6980235,Bajo,SmallSedanGrey(Clone)4,3.3252,878.39,12.84,607.81,0.00,880.47,12.31,604.31,13.04
00:00:36.7142403,Bajo,SmallSedanGrey(Clone)4,3.2662,878.43,12.84,607.87,0.00,880.62,12.32,604.53,13.05
00:00:37.0032022,Bajo,SmallSedanRed(Clone)6,3.7744,881.19,12.86,611.88,0.00,882.66,12.38,607.57,13.15
00:00:37.0191554,Bajo,SmallSedanRed(Clone)6,3.6930,881.23,12.94,611.93,0.00,882.81,12.39,607.79,13.16
00:00:37.0354202,Bajo,SmallSedanRed(Clone)6,3.6087,881.27,12.95,611.99,0.00,882.96,12.40,608.01,13.16
00:00:37.0517043,Bajo,SmallSedanRed(Clone)6,3.5280,881.31,12.95,612.05,0.00,883.10,12.40,608.23,13.17
00:00:37.0684838,Bajo,SmallSedanRed(Clone)6,3.4488,881.36,12.95,612.12,0.00,883.25,12.41,608.45,13.18
00:00:37.0843407,Bajo,SmallSedanRed(Clone)6,3.3734,881.40,12.95,612.18,0.00,883.25,12.41,608.45,13.18
00:00:37.1014553,Bajo,SmallSedanRed(Clone)6,3.3053,881.44,12.95,612.24,0.00,883.40,12.41,608.67,13.18
00:00:37.1178972,Bajo,SmallSedanRed(Clone)6,3.2400,881.48,12.95,612.30,0.00,883.54,12.42,608.89,13.19
00:00:37.4137363,Bajo,SmallSedanBlue2(Clone)1,3.7118,884.26,13.00,616.33,0.00,885.75,12.51,612.19,13.28
00:00:37.4328544,Bajo,SmallSedanBlue2(Clone)1,3.6074,884.31,13.08,616.40,0.00,885.90,12.52,612.41,13.29
00:00:37.4507887,Bajo,SmallSedanBlue2(Clone)1,3.5133,884.36,13.08,616.47,0.00,886.05,12.52,612.63,13.30
00:00:37.4682906,Bajo,SmallSedanBlue2(Clone)1,3.4265,884.41,13.08,616.54,0.00,886.20,12.53,612.85,13.30
00:00:37.4848417,Bajo,SmallSedanBlue2(Clone)1,3.3437,884.45,13.09,616.61,0.00,886.20,12.53,612.85,13.30
00:00:37.5019263,Bajo,SmallSedanBlue2(Clone)1,3.2720,884.50,13.09,616.67,0.00,886.34,12.54,613.07,13.31
00:00:37.5194049,Bajo,SmallSedanBlue2(Clone)1,3.1988,884.54,13.09,616.74,0.00,886.49,12.55,613.29,13.31
00:00:37.5367268,Bajo,SmallSedanBlue2(Clone)1,3.1323,884.59,13.09,616.80,0.00,886.64,12.55,613.51,13.32
00:00:37.5551315,Bajo,SmallSedanBlue2(Clone)1,3.0683,884.64,13.10,616.88,0.00,886.79,12.56,613.73,13.33
00:00:37.8418358,Bajo,SmallSedanGreen2(Clone)13,3.5914,887.44,13.16,620.93,0.00,888.89,12.66,616.83,13.40
00:00:37.8589148,Bajo,SmallSedanGreen2(Clone)13,3.5023,887.49,13.24,621.00,0.00,889.04,12.67,617.05,13.41
00:00:37.8762365,Bajo,SmallSedanGreen2(Clone)13,3.4149,887.53,13.25,621.07,0.00,889.19,12.68,617.27,13.41
00:00:37.8939330,Bajo,SmallSedanGreen2(Clone)13,3.3306,887.58,13.25,621.14,0.00,889.34,12.69,617.50,13.42
00:00:37.9108288,Bajo,SmallSedanGreen2(Clone)13,3.2551,887.63,13.25,621.21,0.00,889.49,12.70,617.72,13.42
00:00:37.9282383,Bajo,SmallSedanGreen2(Clone)13,3.1823,887.68,13.25,621.28,0.00,889.64,12.70,617.94,13.43
00:00:37.9443074,Bajo,SmallSedanGreen2(Clone)13,3.1164,887.72,13.26,621.34,0.00,889.64,12.70,617.94,13.43
00:00:37.9611604,Bajo,SmallSedanGreen2(Clone)13,3.0605,887.77,13.26,621.41,0.00,889.79,12.71,618.16,13.43
00:00:37.9782222,Bajo,SmallSedanGreen2(Clone)13,3.0053,887.81,13.26,621.47,0.00,889.95,12.72,618.38,13.44
00:00:37.9966939,Bajo,SmallSedanGreen2(Clone)13,2.9533,887.86,13.26,621.55,0.00,890.10,12.73,618.60,13.44
00:00:38.0153774,Bajo,SmallSedanGreen2(Clone)13,2.9086,887.92,13.27,621.62,0.00,890.25,12.74,618.82,13.45
00:00:38.0341475,Bajo,SmallSedanGreen2(Clone)13,2.8716,887.97,13.27,621.70,0.00,890.40,12.75,619.04,13.45
00:00:38.0518165,Bajo,SmallSedanGreen2(Clone)13,2.8451,888.02,13.27,621.77,0.00,890.56,12.75,619.27,13.46
00:00:38.0691687,Bajo,SmallSedanGreen2(Clone)13,2.8270,888.06,13.27,621.84,0.00,890.71,12.76,619.49,13.46
00:00:38.0877934,Bajo,SmallSedanGreen2(Clone)13,2.8162,888.12,13.28,621.91,0.00,890.86,12.77,619.71,13.47
00:00:38.1070713,Bajo,SmallSedanGreen2(Clone)13,2.8146,888.17,13.28,621.99,0.00,891.01,12.78,619.93,13.47
00:00:38.1330068,Bajo,SmallSedanGreen2(Clone)13,2.8280,888.24,13.28,622.09,0.00,891.17,12.79,620.15,13.48
00:00:38.1518888,Bajo,SmallSedanGreen2(Clone)13,2.8484,888.29,13.29,622.17,0.00,891.32,12.80,620.37,13.48
00:00:38.1699121,Bajo,SmallSedanGreen2(Clone)13,2.8773,888.34,13.29,622.24,0.00,891.47,12.80,620.60,13.48
00:00:38.1878829,Bajo,SmallSedanGreen2(Clone)13,2.9136,888.39,13.29,622.31,0.00,891.63,12.81,620.82,13.49
00:00:38.2052433,Bajo,SmallSedanGreen2(Clone)13,2.9587,888.44,13.29,622.39,0.00,891.63,12.81,620.82,13.49
00:00:38.2251576,Bajo,SmallSedanGreen2(Clone)13,3.0135,888.50,13.30,622.46,0.00,891.78,12.82,621.04,13.49
00:00:38.2425948,Bajo,SmallSedanGreen2(Clone)13,3.0710,888.54,13.30,622.53,0.00,891.94,12.83,621.26,13.50
00:00:38.2642890,Bajo,SmallSedanGreen2(Clone)13,3.1509,888.60,13.30,622.62,0.00,892.09,12.84,621.48,13.50
00:00:38.2833019,Bajo,SmallSedanGreen2(Clone)13,3.2287,888.66,13.31,622.70,0.00,892.24,12.85,621.70,13.51
00:00:38.3010695,Bajo,SmallSedanGreen2(Clone)13,3.3069,888.71,13.31,622.77,0.00,892.40,12.86,621.93,13.51
00:00:38.3179670,Bajo,SmallSedanGreen2(Clone)13,3.3864,888.75,13.31,622.84,0.00,892.55,12.86,622.15,13.52
00:00:38.3360443,Bajo,SmallSedanGreen2(Clone)13,3.4764,888.80,13.31,622.91,0.00,892.71,12.87,622.37,13.52
00:00:38.3537867,Bajo,SmallSedanGreen2(Clone)13,3.5689,888.85,13.32,622.98,0.00,892.86,12.88,622.59,13.53
00:00:38.3706372,Bajo,SmallSedanGreen2(Clone)13,3.6608,888.90,13.32,623.05,0.00,893.02,12.89,622.81,13.53
00:00:38.3895856,Bajo,SmallSedanGreen2(Clone)13,3.7684,888.95,13.32,623.12,0.00,893.17,12.90,623.03,13.53
00:00:38.4052821,Bajo,SmallSedanGreen2(Clone)13,3.8661,889.00,13.33,623.19,0.00,893.17,12.90,623.03,13.53
00:00:38.4217074,Bajo,SmallSedanGreen2(Clone)13,3.9596,889.04,13.33,623.25,0.00,893.33,12.91,623.26,13.54
00:00:38.4383541,Bajo,SmallSedanGreen2(Clone)13,4.0632,889.09,13.33,623.32,0.00,893.48,12.92,623.48,13.54
00:00:38.4561571,Bajo,SmallSedanGreen2(Clone)13,4.1763,889.13,13.33,623.39,0.00,893.63,12.93,623.70,13.55
00:00:38.4755571,Bajo,SmallSedanGreen2(Clone)13,4.3029,889.19,13.34,623.46,0.00,893.79,12.94,623.92,13.55
00:00:38.4927119,Bajo,SmallSedanGreen2(Clone)13,4.4183,889.23,13.26,623.53,0.00,893.95,12.95,624.14,13.56
00:00:38.5092778,Bajo,SmallSedanGreen2(Clone)13,4.5313,889.28,13.26,623.60,0.00,894.10,12.96,624.37,13.56
00:00:38.6780936,Bajo,SmallSedanPurple(Clone)5,3.5681,893.81,13.61,630.16,8.03,895.35,13.03,626.15,13.60
00:00:38.6959564,Bajo,SmallSedanPurple(Clone)5,3.4202,893.80,13.61,630.14,8.05,895.50,13.04,626.37,13.60
00:00:38.7139663,Bajo,SmallSedanPurple(Clone)5,3.2853,893.79,13.61,630.13,8.06,895.66,13.05,626.59,13.60
00:00:38.7323721,Bajo,SmallSedanPurple(Clone)5,3.1655,893.78,13.61,630.12,8.00,895.82,13.06,626.81,13.61
00:00:38.7503140,Bajo,SmallSedanPurple(Clone)5,3.0647,893.77,13.61,630.11,8.02,895.97,13.07,627.04,13.61
00:00:38.7678151,Bajo,SmallSedanPurple(Clone)5,2.9840,893.76,13.61,630.09,8.03,896.13,13.08,627.26,13.62
00:00:38.7833629,Bajo,SmallSedanPurple(Clone)5,2.9482,893.81,13.61,630.16,8.03,896.13,13.08,627.26,13.62
00:00:38.8011200,Bajo,SmallSedanPurple(Clone)5,2.9008,893.80,13.61,630.14,8.05,896.29,13.09,627.48,13.62
00:00:38.8261805,Bajo,SmallSedanPurple(Clone)5,2.8713,893.81,13.61,630.16,8.06,896.44,13.10,627.70,13.62
00:00:38.8533675,Bajo,SmallSedanPurple(Clone)5,2.8877,893.76,13.61,630.09,8.02,896.76,13.12,628.15,13.63
00:00:38.8798617,Bajo,SmallSedanPurple(Clone)5,2.9475,893.78,13.61,630.12,8.03,896.91,13.13,628.37,13.64
00:00:38.9080770,Bajo,SmallSedanPurple(Clone)5,3.0818,893.74,13.61,630.06,8.06,897.23,13.14,628.82,13.64
00:00:38.9269239,Bajo,SmallSedanPurple(Clone)5,3.1925,893.73,13.61,630.05,8.06,897.38,13.15,629.04,13.65
00:00:38.9437801,Bajo,SmallSedanPurple(Clone)5,3.2656,893.78,13.61,630.12,8.06,897.38,13.15,629.04,13.65
00:00:38.9606581,Bajo,SmallSedanPurple(Clone)5,3.3891,893.77,13.61,630.10,8.06,897.54,13.16,629.26,13.65
00:00:38.9772107,Bajo,SmallSedanPurple(Clone)5,3.5286,893.75,13.61,630.08,8.06,897.70,13.17,629.49,13.66
00:00:38.9934503,Bajo,SmallSedanPurple(Clone)5,3.6777,893.74,13.61,630.06,8.06,897.86,13.18,629.71,13.66
00:00:39.0108020,Bajo,SmallSedanPurple(Clone)5,3.8444,893.73,13.61,630.04,8.06,898.01,13.19,629.93,13.66
00:00:39.0271649,Bajo,OriginalSmallSedan(Clone)10,3.6165,896.52,13.78,634.09,8.05,898.17,13.20,630.16,13.67
00:00:39.0432363,Bajo,OriginalSmallSedan(Clone)10,3.5308,896.57,13.79,634.16,8.05,898.17,13.20,630.16,13.67
00:00:39.0603549,Bajo,OriginalSmallSedan(Clone)10,3.3980,896.55,13.79,634.14,8.06,898.33,13.21,630.38,13.67
00:00:39.0783324,Bajo,OriginalSmallSedan(Clone)10,3.2716,896.55,13.78,634.12,7.98,898.49,13.22,630.60,13.68
00:00:39.0948016,Bajo,OriginalSmallSedan(Clone)10,3.1673,896.53,13.78,634.10,8.00,898.64,13.23,630.83,13.68
00:00:39.1168009,Bajo,OriginalSmallSedan(Clone)10,3.0642,896.53,13.78,634.11,8.03,898.80,13.24,631.05,13.69
00:00:39.1346636,Bajo,OriginalSmallSedan(Clone)10,2.9944,896.52,13.78,634.09,8.05,898.96,13.25,631.27,13.69
00:00:39.1607299,Bajo,OriginalSmallSedan(Clone)10,2.9380,896.54,13.78,634.11,7.98,899.12,13.26,631.50,13.69
00:00:39.1788338,Bajo,OriginalSmallSedan(Clone)10,2.9192,896.53,13.78,634.10,7.90,899.28,13.27,631.72,13.70
00:00:39.1956335,Bajo,OriginalSmallSedan(Clone)10,2.9235,896.52,13.78,634.08,7.83,899.43,13.28,631.94,13.70
00:00:39.2153186,Bajo,OriginalSmallSedan(Clone)10,2.9524,896.51,13.78,634.08,7.76,899.59,13.29,632.17,13.70
00:00:39.2449450,Bajo,OriginalSmallSedan(Clone)10,3.0299,896.54,13.78,634.12,7.69,899.75,13.30,632.39,13.71
00:00:39.2622595,Bajo,OriginalSmallSedan(Clone)10,3.1072,896.53,13.78,634.10,7.61,899.91,13.31,632.62,13.71
00:00:39.2810428,Bajo,OriginalSmallSedan(Clone)10,3.2076,896.53,13.78,634.10,7.53,900.07,13.32,632.84,13.72
00:00:39.2977760,Bajo,OriginalSmallSedan(Clone)10,3.3171,896.52,13.78,634.08,7.44,900.22,13.33,633.06,13.72
00:00:39.3239642,Bajo,OriginalSmallSedan(Clone)10,3.4851,896.54,13.78,634.11,7.32,900.38,13.34,633.29,13.72
00:00:39.3410065,Bajo,OriginalSmallSedan(Clone)10,3.6252,896.53,13.78,634.10,7.20,900.54,13.35,633.51,13.73
00:00:39.3661235,Bajo,OriginalSmallSedan(Clone)10,3.8226,896.54,13.79,634.12,7.06,900.70,13.36,633.74,13.73
00:00:39.3852196,Bajo,OriginalSmallSedan(Clone)10,3.9965,896.55,13.79,634.12,6.92,900.86,13.37,633.96,13.74
00:00:39.4028348,Bajo,OriginalSmallSedan(Clone)10,4.1679,896.54,13.78,634.12,6.76,901.02,13.38,634.18,13.74
00:00:39.4200092,Bajo,OriginalSmallSedan(Clone)10,4.3420,896.54,13.78,634.12,6.61,901.17,13.39,634.41,13.74
00:00:39.4361361,Bajo,OriginalSmallSedan(Clone)10,4.5153,896.54,13.78,634.11,6.45,901.33,13.40,634.63,13.75
